{"intercept": -9.134987491778636, "coefficients": {"loan_amnt": -0.17117730791321342, "emp_length": 0.08865258108434428, "annual_inc": 0.22332118070359425, "delinq_2yrs": 0.16247313289516116, "inq_last_6mths": -0.0724508483380592, "mths_since_last_delinq": 0.21221633392107644, "mths_since_last_record": 0.04727070705339563, "open_acc": -0.11247710588032628, "revol_bal": 0.07661575942599812, "revol_util": -0.47669827333452847, "total_acc": 0.06049574955662817, "credit_age_years": -0.040024378344018445, "debt_to_income_ratio": -0.2261504155433627, "pub_rec": 0.465750022484326, "broad_purpose_debt": 9.150673121512678, "broad_purpose_education loan": 9.394493152403717, "broad_purpose_home loan": 10.08660502110742, "broad_purpose_personal": 9.286601797321474, "borrow": 0.11971667378462375, "credit": 0.7594120288660064, "debt": 0.6354559668561739}}