{"name": "StandardScaler", "features": {"loan_amnt": {"mean": 11494.571021306392, "scale": 7538.300524516243}, "emp_length": {"mean": 4.817195158547564, "scale": 3.1567914113588524}, "annual_inc": {"mean": 65578.90297668686, "scale": 45681.34373577576}, "delinq_2yrs": {"mean": 0.11293388016404922, "scale": 0.41097498106332075}, "inq_last_6mths": {"mean": 0.8101430429128739, "scale": 0.9846603558333037}, "mths_since_last_delinq": {"mean": 88.92297689306793, "scale": 39.72576380780867}, "mths_since_last_record": {"mean": 125.57522256677004, "scale": 17.811000471178318}, "open_acc": {"mean": 9.129738921676504, "scale": 4.263440622272163}, "revol_bal": {"mean": 13371.724767430229, "scale": 15115.253601440187}, "revol_util": {"mean": 0.5268339796920468, "scale": 0.268495417685812}, "total_acc": {"mean": 21.791037311193357, "scale": 10.9874685452937}, "credit_age_years": {"mean": 27.321007302403572, "scale": 6.364528112439231}, "debt_to_income_ratio": {"mean": 0.2001041830786128, "scale": 0.12250272553766922}}}